{
	"queries": {
		"request": [{
			"totalResults" : 12
		}]
	},
	"items": [
	{
		"link": "http://www.example.com/foo",
		"title": "Result 1",
		"htmlTitle": "HTML Result 1"
	},
	{
		"link": "http://www.example.com/bar",
		"title": "Result 2",
		"htmlTitle": "HTML Result 2"
	},
	{
		"link": "http://www.example.com/baz",
		"title": "Result 3",
		"htmlTitle": "HTML Result 3"
	},

	{
		"link": "http://www.example.com/foo",
		"title": "Result 4",
		"htmlTitle": "HTML Result 4"
	},
	{
		"link": "http://www.example.com/bar",
		"title": "Result 5",
		"htmlTitle": "HTML Result 5"
	},
	{
		"link": "http://www.example.com/baz",
		"title": "Result 6",
		"htmlTitle": "HTML Result 6"
	},
	{
		"link": "http://www.example.com/foo",
		"title": "Result 7",
		"htmlTitle": "HTML Result 7"
	},
	{
		"link": "http://www.example.com/bar",
		"title": "Result 8",
		"htmlTitle": "HTML Result 8"
	},
	{
		"link": "http://www.example.com/baz",
		"title": "Result 9",
		"htmlTitle": "HTML Result 9"
	},
	{
		"link": "http://www.example.com/foo",
		"title": "Result 10",
		"htmlTitle": "HTML Result 10"
	},
	{
		"link": "http://www.example.com/bar",
		"title": "Result 11",
		"htmlTitle": "HTML Result 11"
	},
	{
		"link": "http://www.example.com/baz",
		"title": "Result 12",
		"htmlTitle": "HTML Result 12"
	}
]
}
